{"cameraMode":{"drawMode":0,"name":"Shaded","section":"Shading Mode"},"sceneLighting":true,"audioPlay":false,"sceneViewState":{"showFog":false,"showMaterialUpdate":false,"showSkybox":false,"showFlares":false,"showImageEffects":false,"showParticleSystems":true},"in2DMode":false,"pivot":{"x":-0.19493651390075684,"y":1.2345638275146485,"z":7.98435640335083},"rotation":{"x":-0.19943349063396455,"y":-0.2420138120651245,"z":0.050903961062431338,"w":-0.9481900930404663},"size":19.767799377441408,"orthographic":false}