{"cameraMode":{"drawMode":0,"name":"Shaded","section":"Shading Mode"},"sceneLighting":true,"audioPlay":false,"sceneViewState":{"showFog":false,"showMaterialUpdate":false,"showSkybox":false,"showFlares":false,"showImageEffects":false,"showParticleSystems":true},"in2DMode":false,"pivot":{"x":0.503814697265625,"y":0.5751727819442749,"z":10.0},"rotation":{"x":-0.004662059713155031,"y":0.24555787444114686,"z":-0.0011800123611465097,"w":-0.9693700075149536},"size":21.410846710205079,"orthographic":false}