{"cameraMode":{"drawMode":0,"name":"Shaded","section":"Shading Mode"},"sceneLighting":true,"audioPlay":false,"sceneViewState":{"showFog":false,"showMaterialUpdate":false,"showSkybox":false,"showFlares":false,"showImageEffects":false,"showParticleSystems":true},"in2DMode":false,"pivot":{"x":0.5038909912109375,"y":0.5751874446868897,"z":9.999961853027344},"rotation":{"x":0.03773561865091324,"y":-0.5347990393638611,"z":-0.02391592413187027,"w":-0.8437973856925964},"size":21.410846710205079,"orthographic":false}